{
    "colors": {
        "omnibox_background": [
            45.9884646,
            51.98547640000002,
            63.9795,
            1
        ],
        "bookmark_text": [
            188.98787969999998,
            192.98332782,
            198.9765,
            1
        ],
        "tab_text": [
            207.978,
            134.99180384374995,
            111.99615299999999,
            1
        ],
        "tab_background_text": [
            94.0138335,
            129.00650436538467,
            171.9975,
            1
        ],
        "ntp_background": [
            50.99523659999999,
            57.99232440000002,
            71.98649999999999,
            1
        ],
        "toolbar": [
            50.99523659999999,
            57.99232440000002,
            71.98649999999999,
            1
        ],
        "frame_inactive": [
            72.0018,
            82.00120000000003,
            102,
            1
        ],
        "background_tab_inactive": [
            45.9884646,
            51.98547640000002,
            63.9795,
            1
        ],
        "background_tab_incognito": [
            45.9884646,
            51.98547640000002,
            63.9795,
            1
        ],
        "background_tab_incognito_inactive": [
            45.9884646,
            51.98547640000002,
            63.9795,
            1
        ],
        "frame_incognito": [
            72.0018,
            82.00120000000003,
            102,
            1
        ],
        "frame_incognito_inactive": [
            72.0018,
            82.00120000000003,
            102,
            1
        ],
        "background_tab": [
            45.9884646,
            51.98547640000002,
            63.9795,
            1
        ],
        "omnibox_text": [
            209.1,
            135.35739999999998,
            112.914,
            1
        ],
        "ntp_text": [
            50.694,
            57.596000000000004,
            71.4,
            1
        ],
        "frame": [
            72.41999999999999,
            82.28,
            102,
            1
        ],
        "ntp_link": [
            50.694,
            57.596000000000004,
            71.4,
            1
        ],
        "ntp_header": [
            50.694,
            57.596000000000004,
            71.4,
            1
        ]
    }
}
