{
    "colors": {
        "omnibox_background": [
            66.99821039999999,
            75.99647360000003,
            93.993,
            1
        ],
        "bookmark_text": [
            216.00827385000002,
            222.00305955000002,
            232.9935,
            1
        ],
        "tab_text": [
            216.00827385000002,
            222.00305955000002,
            232.9935,
            1
        ],
        "tab_background_text": [
            128.99050560000003,
            160.98725280000002,
            192.984,
            1
        ],
        "ntp_background": [
            50.99523659999999,
            57.99232440000002,
            71.98649999999999,
            1
        ],
        "toolbar": [
            75.986226,
            85.98348400000002,
            105.97800000000001,
            1
        ],
        "frame_inactive": [
            50.694,
            57.596000000000004,
            71.4,
            1
        ],
        "background_tab_inactive": [
            58.994607,
            65.99092226086958,
            81.9825,
            1
        ],
        "background_tab_incognito": [
            58.994607,
            65.99092226086958,
            81.9825,
            1
        ],
        "background_tab_incognito_inactive": [
            58.994607,
            65.99092226086958,
            81.9825,
            1
        ],
        "frame_incognito": [
            50.694,
            57.596000000000004,
            71.4,
            1
        ],
        "frame_incognito_inactive": [
            50.694,
            57.596000000000004,
            71.4,
            1
        ],
        "background_tab": [
            58.994607,
            65.99092226086958,
            81.9825,
            1
        ],
        "omnibox_text": [
            128.99050560000003,
            160.98725280000002,
            192.984,
            1
        ],
        "ntp_text": [
            50.694,
            57.596000000000004,
            71.4,
            1
        ],
        "frame": [
            50.694,
            57.596000000000004,
            71.4,
            1
        ],
        "ntp_link": [
            50.694,
            57.596000000000004,
            71.4,
            1
        ],
        "ntp_header": [
            50.694,
            57.596000000000004,
            71.4,
            1
        ]
    }
}
