{
    "colors": {
        "omnibox_background": [
            57.37499999999999,
            65.34375000000001,
            76.5,
            1
        ],
        "bookmark_text": [
            188.98787969999998,
            192.98332782,
            198.9765,
            1
        ],
        "tab_text": [
            234.98250000000002,
            202.98571625,
            138.99214875,
            1
        ],
        "tab_background_text": [
            190.99500000000003,
            97.00636050000001,
            106.00527279255326,
            1
        ],
        "ntp_background": [
            50.99523659999999,
            57.99232440000002,
            71.98649999999999,
            1
        ],
        "toolbar": [
            50.99523659999999,
            57.99232440000002,
            71.98649999999999,
            1
        ],
        "frame_inactive": [
            72.0018,
            82.00120000000003,
            102,
            1
        ],
        "background_tab_inactive": [
            57.000099,
            64.99584678947369,
            75.99,
            1
        ],
        "background_tab_incognito": [
            57.000099,
            64.99584678947369,
            75.99,
            1
        ],
        "background_tab_incognito_inactive": [
            57.000099,
            64.99584678947369,
            75.99,
            1
        ],
        "frame_incognito": [
            72.0018,
            82.00120000000003,
            102,
            1
        ],
        "frame_incognito_inactive": [
            72.0018,
            82.00120000000003,
            102,
            1
        ],
        "background_tab": [
            57.000099,
            64.99584678947369,
            75.99,
            1
        ],
        "omnibox_text": [
            234.98250000000002,
            202.98571625,
            138.99214875,
            1
        ],
        "ntp_text": [
            50.694,
            57.596000000000004,
            71.4,
            1
        ],
        "frame": [
            72.41999999999999,
            82.28,
            102,
            1
        ],
        "ntp_link": [
            50.694,
            57.596000000000004,
            71.4,
            1
        ],
        "ntp_header": [
            50.694,
            57.596000000000004,
            71.4,
            1
        ]
    }
}
